categoria,faturamento,lucro,margem_percentual
Eletrônicos,32744202.62,12600406.9,38.481336822365414
Casa & Decoração,26159749.82,11245922.51,42.989411547820374
Beleza & Saúde,24851036.42,9272449.5,37.31212390215474
Moda,21170086.42,8144323.91,38.470905354008465
Esporte & Lazer,21565053.33,7783378.14,36.09255224596284
Livros & Papelaria,19633252.55,7467578.33,38.03536021849828
Bebês & Crianças,16277418.93,6939617.24,42.633400724300216
Alimentos & Bebidas,14329690.79,5583175.99,38.96229215145542
